nombre_completo;email
Ana Ruiz; ana.ruiz@example.com
David Sánchez; david.sanchez@example.com
Elena Díaz; elena.diaz@example.com
Francisco Gómez; francisco.gomez@example.com
Isabel Fernández; isabel.fernandez@example.com
Javier Pérez; javier.perez@example.com
Lucía García; lucia.garcia@example.com
Miguel Rodríguez; miguel.rodriguez@example.com
Natalia López; natalia.lopez@example.com
Óscar Martínez; oscar.martinez@example.com
Patricia Sánchez; patricia.sanchez@example.com
Roberto Díaz; roberto.diaz@example.com
Silvia Gómez; silvia.gomez@example.com
Tomás Fernández; tomas.fernandez@example.com
Úrsula Pérez; ursula.perez@example.com
Víctor García; victor.garcia@example.com
Ximena Rodríguez; ximena.rodriguez@example.com
Yago López; yago.lopez@example.com
Zaira Martínez; zaira.martinez@example.com
Adrián Sánchez; adrian.sanchez@example.com
Beatriz Díaz; beatriz.diaz@example.com
César Gómez; cesar.gomez@example.com
Daniela Fernández; daniela.fernandez@example.com
Eduardo Pérez; eduardo.perez@example.com
Fátima García; fatima.garcia@example.com
Guillermo Rodríguez; guillermo.rodriguez@example.com
Héctor López; hector.lopez@example.com
Irene Martínez; irene.martinez@example.com
Jorge Sánchez; jorge.sanchez@example.com
Karen Díaz; karen.diaz@example.com
Luis Gómez; luis.gomez@example.com
Mónica Fernández; monica.fernandez@example.com
Nicolás Pérez; nicolas.perez@example.com
Olga García; olga.garcia@example.com
Pablo Rodríguez; pablo.rodriguez@example.com
Raquel López; raquel.lopez@example.com
Sergio Martínez; sergio.martinez@example.com
Teresa Sánchez; teresa.sanchez@example.com
Ulises Díaz; ulises.diaz@example.com
Valeria Gómez; valeria.gomez@example.com
Walter Fernández; walter.fernandez@example.com
Xavier Pérez; xavier.perez@example.com
Yolanda García; yolanda.garcia@example.com
Zacarías Rodríguez; zacarias.rodriguez@example.com
Amalia López; amalia.lopez@example.com
Benito Martínez; benito.martinez@example.com
Clara Sánchez; clara.sanchez@example.com
Diego Díaz; diego.diaz@example.com
Eva Gómez; eva.gomez@example.com
Fernando Fernández; fernando.fernandez@example.com
Gloria Pérez; gloria.perez@example.com
Hugo García; hugo.garcia@example.com
Inés Rodríguez; ines.rodriguez@example.com
Julio López; julio.lopez@example.com
Kevin Martínez; kevin.martinez@example.com
Lidia Sánchez; lidia.sanchez@example.com
Manuel Díaz; manuel.diaz@example.com
Nuria Gómez; nuria.gomez@example.com
Omar Fernández; omar.fernandez@example.com
Paola Pérez; paola.perez@example.com
Quique García; quique.garcia@example.com
Rosa Rodríguez; rosa.rodriguez@example.com
Simón López; simon.lopez@example.com
Tamara Martínez; tamara.martinez@example.com
Uriel Sánchez; uriel.sanchez@example.com
Violeta Díaz; violeta.diaz@example.com
Wenceslao Gómez; wenceslao.gomez@example.com
Xiomara Fernández; xiomara.fernandez@example.com
Yerai Pérez; yerai.perez@example.com
Zoe García; zoe.garcia@example.com
Aarón Rodríguez; aaron.rodriguez@example.com
Abril López; abril.lopez@example.com
Adela Martínez; adela.martinez@example.com
Agustín Sánchez; agustin.sanchez@example.com
Ainhoa Díaz; ainhoa.diaz@example.com
Alberto Gómez; alberto.gomez@example.com
Alejandra Fernández; alejandra.fernandez@example.com
Alejo Pérez; alejo.perez@example.com
Alicia García; alicia.garcia@example.com
Alonso Rodríguez; alonso.rodriguez@example.com
Álvaro López; alvaro.lopez@example.com
Amparo Martínez; amparo.martinez@example.com
Andrés Sánchez; andres.sanchez@example.com
Ángela Díaz; angela.diaz@example.com
Ángel Gómez; angel.gomez@example.com
Angélica Fernández; angelica.fernandez@example.com
Aníbal Pérez; anibal.perez@example.com
Antonia García; antonia.garcia@example.com
Antonio Rodríguez; antonio.rodriguez@example.com
Ariadna López; ariadna.lopez@example.com
Artemio Martínez; artemio.martinez@example.com
Arturo Sánchez; arturo.sanchez@example.com
Asunción Díaz; asuncion.diaz@example.com
Aurelio Gómez; aurelio.gomez@example.com
Aurora Fernández; aurora.fernandez@example.com
Azucena Pérez; azucena.perez@example.com
Baldomero García; baldomero.garcia@example.com
Bárbara Rodríguez; barbara.rodriguez@example.com
Bartolomé López; bartolome.lopez@example.com
Basilio Martínez; basilio.martinez@example.com
Belén Sánchez; belen.sanchez@example.com
Beltrán Díaz; beltran.diaz@example.com
Benjamín Gómez; benjamin.gomez@example.com
Bernabé Fernández; bernabé.fernandez@example.com
Bernarda Pérez; bernarda.perez@example.com
Bernardo García; bernardo.garcia@example.com
Blanca Rodríguez; blanca.rodriguez@example.com
Bonifacio López; bonifacio.lopez@example.com
Borja Martínez; borja.martinez@example.com
Braulio Sánchez; braulio.sanchez@example.com
Brenda Díaz; brenda.diaz@example.com
Bruno Gómez; bruno.gomez@example.com
Calixto Fernández; calixto.fernandez@example.com
Cándida Pérez; candida.perez@example.com
Carmelo García; carmelo.garcia@example.com
Carmen Rodríguez; carmen.rodriguez@example.com
;
